room,product,breed,started,finished,poses,boneMotion,exitClear
living-room-01,room.tv-unit,domestic-shorthair,True,True,Walk|Paw|Sit,16.590,True
living-room-01,room.colorful-book-set,domestic-shorthair,True,True,Walk|Sit,14.876,True
living-room-01,room.bookshelf,domestic-shorthair,True,True,Walk|Sit,12.526,True
living-room-01,room.game-console,domestic-shorthair,True,True,Walk|Paw|Sit,17.261,True
living-room-01,room.armchair,domestic-shorthair,True,True,Walk|Hop|Sleep,26.156,True
living-room-01,room.stereo,domestic-shorthair,True,True,Walk|Sit,13.061,True
living-room-01,room.tv-console,domestic-shorthair,True,True,Walk|Sit,15.873,True
living-room-01,room.tall-plant,domestic-shorthair,True,True,Walk|Sit,13.571,True
living-room-01,room.modern-painting,domestic-shorthair,True,True,Walk|Sit,14.360,True
living-room-01,room.floor-lamp,domestic-shorthair,True,True,Walk|Sit,12.632,True
living-room-01,room.tv-unit,domestic-shorthair-orange,True,True,Walk|Paw|Sit,20.697,True
living-room-01,room.colorful-book-set,domestic-shorthair-orange,True,True,Walk|Sit,15.779,True
living-room-01,room.bookshelf,domestic-shorthair-orange,True,True,Walk|Sit,14.242,True
living-room-01,room.game-console,domestic-shorthair-orange,True,True,Walk|Paw|Sit,16.511,True
living-room-01,room.armchair,domestic-shorthair-orange,True,True,Walk|Hop|Sleep,25.650,True
living-room-01,room.stereo,domestic-shorthair-orange,True,True,Walk|Sit,12.993,True
living-room-01,room.tv-console,domestic-shorthair-orange,True,True,Walk|Sit,25.930,True
living-room-01,room.tall-plant,domestic-shorthair-orange,True,True,Walk|Sit,14.746,True
living-room-01,room.modern-painting,domestic-shorthair-orange,True,True,Walk|Sit,16.172,True
living-room-01,room.floor-lamp,domestic-shorthair-orange,True,True,Walk|Sit,13.703,True
living-room-01,room.tv-unit,khao-manee,True,True,Walk|Paw|Sit,16.403,True
living-room-01,room.colorful-book-set,khao-manee,True,True,Walk|Sit,14.873,True
living-room-01,room.bookshelf,khao-manee,True,True,Walk|Sit,12.880,True
living-room-01,room.game-console,khao-manee,True,True,Walk|Paw|Sit,18.858,True
living-room-01,room.armchair,khao-manee,True,True,Walk|Hop|Sleep,26.071,True
living-room-01,room.stereo,khao-manee,True,True,Walk|Sit,14.077,True
living-room-01,room.tv-console,khao-manee,True,True,Walk|Sit,15.390,True
living-room-01,room.tall-plant,khao-manee,True,True,Walk|Sit,12.153,True
living-room-01,room.modern-painting,khao-manee,True,True,Walk|Sit,15.161,True
living-room-01,room.floor-lamp,khao-manee,True,True,Walk|Sit,13.057,True
living-room-01,room.tv-unit,british-shorthair,True,True,Walk|Paw|Sit,16.917,True
living-room-01,room.colorful-book-set,british-shorthair,True,True,Walk|Sit,12.858,True
living-room-01,room.bookshelf,british-shorthair,True,True,Walk|Sit,13.412,True
living-room-01,room.game-console,british-shorthair,True,True,Walk|Paw|Sit,17.635,True
living-room-01,room.armchair,british-shorthair,True,True,Walk|Hop|Sleep,26.156,True
living-room-01,room.stereo,british-shorthair,True,True,Walk|Sit,15.859,True
living-room-01,room.tv-console,british-shorthair,True,True,Walk|Sit,14.046,True
living-room-01,room.tall-plant,british-shorthair,True,True,Walk|Sit,14.130,True
living-room-01,room.modern-painting,british-shorthair,True,True,Walk|Sit,14.114,True
living-room-01,room.floor-lamp,british-shorthair,True,True,Walk|Sit,13.600,True
living-room-01,room.tv-unit,domestic-longhair,True,True,Walk|Paw|Sit,21.978,True
living-room-01,room.colorful-book-set,domestic-longhair,True,True,Walk|Sit,13.915,True
living-room-01,room.bookshelf,domestic-longhair,True,True,Walk|Sit,15.248,True
living-room-01,room.game-console,domestic-longhair,True,True,Walk|Paw|Sit,20.381,True
living-room-01,room.armchair,domestic-longhair,True,True,Walk|Hop|Sleep,25.947,True
living-room-01,room.stereo,domestic-longhair,True,True,Walk|Sit,15.790,True
living-room-01,room.tv-console,domestic-longhair,True,True,Walk|Sit,14.239,True
living-room-01,room.tall-plant,domestic-longhair,True,True,Walk|Sit,13.613,True
living-room-01,room.modern-painting,domestic-longhair,True,True,Walk|Sit,12.635,True
living-room-01,room.floor-lamp,domestic-longhair,True,True,Walk|Sit,15.356,True
living-room-01,room.tv-unit,maine-coon,True,True,Walk|Paw|Sit,22.949,True
living-room-01,room.colorful-book-set,maine-coon,True,True,Walk|Sit,12.780,True
living-room-01,room.bookshelf,maine-coon,True,True,Walk|Sit,12.738,True
living-room-01,room.game-console,maine-coon,True,True,Walk|Paw|Sit,22.054,True
living-room-01,room.armchair,maine-coon,True,True,Walk|Hop|Sleep,25.631,True
living-room-01,room.stereo,maine-coon,True,True,Walk|Sit,11.283,True
living-room-01,room.tv-console,maine-coon,True,True,Walk|Sit,16.307,True
living-room-01,room.tall-plant,maine-coon,True,True,Walk|Sit,13.279,True
living-room-01,room.modern-painting,maine-coon,True,True,Walk|Sit,14.444,True
living-room-01,room.floor-lamp,maine-coon,True,True,Walk|Sit,15.491,True
living-room-01,room.tv-unit,oriental-shorthair,True,True,Walk|Paw|Sit,17.888,True
living-room-01,room.colorful-book-set,oriental-shorthair,True,True,Walk|Sit,14.936,True
living-room-01,room.bookshelf,oriental-shorthair,True,True,Walk|Sit,12.238,True
living-room-01,room.game-console,oriental-shorthair,True,True,Walk|Paw|Sit,15.833,True
living-room-01,room.armchair,oriental-shorthair,True,True,Walk|Hop|Sleep,25.475,True
living-room-01,room.stereo,oriental-shorthair,True,True,Walk|Sit,15.355,True
living-room-01,room.tv-console,oriental-shorthair,True,True,Walk|Sit,14.459,True
living-room-01,room.tall-plant,oriental-shorthair,True,True,Walk|Sit,13.015,True
living-room-01,room.modern-painting,oriental-shorthair,True,True,Walk|Sit,15.214,True
living-room-01,room.floor-lamp,oriental-shorthair,True,True,Walk|Sit,13.918,True
living-room-01,room.tv-unit,persian,True,True,Walk|Paw|Sit,17.670,True
living-room-01,room.colorful-book-set,persian,True,True,Walk|Sit,14.185,True
living-room-01,room.bookshelf,persian,True,True,Walk|Sit,12.770,True
living-room-01,room.game-console,persian,True,True,Walk|Paw|Sit,18.073,True
living-room-01,room.armchair,persian,True,True,Walk|Hop|Sleep,25.789,True
living-room-01,room.stereo,persian,True,True,Walk|Sit,17.228,True
living-room-01,room.tv-console,persian,True,True,Walk|Sit,13.986,True
living-room-01,room.tall-plant,persian,True,True,Walk|Sit,21.322,True
living-room-01,room.modern-painting,persian,True,True,Walk|Sit,14.181,True
living-room-01,room.floor-lamp,persian,True,True,Walk|Sit,14.381,True
living-room-01,room.tv-unit,russian-blue,True,True,Walk|Paw|Sit,16.923,True
living-room-01,room.colorful-book-set,russian-blue,True,True,Walk|Sit,15.353,True
living-room-01,room.bookshelf,russian-blue,True,True,Walk|Sit,12.441,True
living-room-01,room.game-console,russian-blue,True,True,Walk|Paw|Sit,16.028,True
living-room-01,room.armchair,russian-blue,True,True,Walk|Hop|Sleep,24.844,True
living-room-01,room.stereo,russian-blue,True,True,Walk|Sit,12.965,True
living-room-01,room.tv-console,russian-blue,True,True,Walk|Sit,13.303,True
living-room-01,room.tall-plant,russian-blue,True,True,Walk|Sit,13.536,True
living-room-01,room.modern-painting,russian-blue,True,True,Walk|Sit,16.010,True
living-room-01,room.floor-lamp,russian-blue,True,True,Walk|Sit,15.370,True
living-room-01,room.tv-unit,sphynx,True,True,Walk|Paw|Sit,17.374,True
living-room-01,room.colorful-book-set,sphynx,True,True,Walk|Sit,14.299,True
living-room-01,room.bookshelf,sphynx,True,True,Walk|Sit,14.041,True
living-room-01,room.game-console,sphynx,True,True,Walk|Paw|Sit,16.328,True
living-room-01,room.armchair,sphynx,True,True,Walk|Hop|Sleep,25.180,True
living-room-01,room.stereo,sphynx,True,True,Walk|Sit,14.131,True
living-room-01,room.tv-console,sphynx,True,True,Walk|Sit,13.358,True
living-room-01,room.tall-plant,sphynx,True,True,Walk|Sit,12.814,True
living-room-01,room.modern-painting,sphynx,True,True,Walk|Sit,12.499,True
living-room-01,room.floor-lamp,sphynx,True,True,Walk|Sit,13.997,True
bathroom-01,bathroom.vanity-sink,domestic-shorthair,True,True,Walk|Hop|Drink,17.490,True
bathroom-01,bathroom.towel-storage,domestic-shorthair,True,True,Walk|Hop|Sleep,18.873,True
bathroom-01,bathroom.grooming-cart,domestic-shorthair,True,True,Walk|Groom,21.759,True
bathroom-01,bathroom.toilet,domestic-shorthair,True,True,Walk|Paw|Sit,27.274,True
bathroom-01,bathroom.laundry-hamper,domestic-shorthair,True,True,Walk|Hop|Sleep,24.055,True
bathroom-01,bathroom.shower,domestic-shorthair,True,True,Walk|Sit|Scratch,25.018,True
bathroom-01,bathroom.wall-mirror,domestic-shorthair,True,True,Walk|Paw|Sit,21.951,True
bathroom-01,bathroom.bath-mat,domestic-shorthair,True,True,Walk|Paw|Sleep,18.046,True
bathroom-01,bathroom.tub,domestic-shorthair,True,True,Walk|Hop|Paw,24.178,True
bathroom-01,bathroom.litter-box,domestic-shorthair,True,True,Walk|Paw,25.769,True
bathroom-01,bathroom.vanity-sink,domestic-shorthair-orange,True,True,Walk|Hop|Drink,24.708,True
bathroom-01,bathroom.towel-storage,domestic-shorthair-orange,True,True,Walk|Hop|Sleep,17.495,True
bathroom-01,bathroom.grooming-cart,domestic-shorthair-orange,True,True,Walk|Groom,23.043,True
bathroom-01,bathroom.toilet,domestic-shorthair-orange,True,True,Walk|Paw|Sit,24.446,True
bathroom-01,bathroom.laundry-hamper,domestic-shorthair-orange,True,True,Walk|Hop|Sleep,20.438,True
bathroom-01,bathroom.shower,domestic-shorthair-orange,True,True,Walk|Sit|Scratch,21.322,True
bathroom-01,bathroom.wall-mirror,domestic-shorthair-orange,True,True,Walk|Paw|Sit,19.877,True
bathroom-01,bathroom.bath-mat,domestic-shorthair-orange,True,True,Walk|Paw|Sleep,24.711,True
bathroom-01,bathroom.tub,domestic-shorthair-orange,True,True,Walk|Hop|Paw,18.053,True
bathroom-01,bathroom.litter-box,domestic-shorthair-orange,True,True,Walk|Paw,19.376,True
bathroom-01,bathroom.vanity-sink,khao-manee,True,True,Walk|Hop|Drink,25.797,True
bathroom-01,bathroom.towel-storage,khao-manee,True,True,Walk|Hop|Sleep,14.915,True
bathroom-01,bathroom.grooming-cart,khao-manee,True,True,Walk|Groom,21.710,True
bathroom-01,bathroom.toilet,khao-manee,True,True,Walk|Paw|Sit,23.855,True
bathroom-01,bathroom.laundry-hamper,khao-manee,True,True,Walk|Hop|Sleep,18.822,True
bathroom-01,bathroom.shower,khao-manee,True,True,Walk|Sit|Scratch,24.641,True
bathroom-01,bathroom.wall-mirror,khao-manee,True,True,Walk|Paw|Sit,17.518,True
bathroom-01,bathroom.bath-mat,khao-manee,True,True,Walk|Paw|Sleep,24.956,True
bathroom-01,bathroom.tub,khao-manee,True,True,Walk|Hop|Paw,19.968,True
bathroom-01,bathroom.litter-box,khao-manee,True,True,Walk|Paw,23.505,True
bathroom-01,bathroom.vanity-sink,british-shorthair,True,True,Walk|Hop|Drink,26.444,True
bathroom-01,bathroom.towel-storage,british-shorthair,True,True,Walk|Hop|Sleep,25.155,True
bathroom-01,bathroom.grooming-cart,british-shorthair,True,True,Walk|Groom,21.044,True
bathroom-01,bathroom.toilet,british-shorthair,True,True,Walk|Paw|Sit,19.874,True
bathroom-01,bathroom.laundry-hamper,british-shorthair,True,True,Walk|Hop|Sleep,21.925,True
bathroom-01,bathroom.shower,british-shorthair,True,True,Walk|Sit|Scratch,27.654,True
bathroom-01,bathroom.wall-mirror,british-shorthair,True,True,Walk|Paw|Sit,19.029,True
bathroom-01,bathroom.bath-mat,british-shorthair,True,True,Walk|Paw|Sleep,22.070,True
bathroom-01,bathroom.tub,british-shorthair,True,True,Walk|Hop|Paw,23.512,True
bathroom-01,bathroom.litter-box,british-shorthair,True,True,Walk|Paw,23.567,True
bathroom-01,bathroom.vanity-sink,domestic-longhair,True,True,Walk|Hop|Drink,25.765,True
bathroom-01,bathroom.towel-storage,domestic-longhair,True,True,Walk|Hop|Sleep,26.719,True
bathroom-01,bathroom.grooming-cart,domestic-longhair,True,True,Walk|Groom,20.775,True
bathroom-01,bathroom.toilet,domestic-longhair,True,True,Walk|Paw|Sit,19.360,True
bathroom-01,bathroom.laundry-hamper,domestic-longhair,True,True,Walk|Hop|Sleep,18.186,True
bathroom-01,bathroom.shower,domestic-longhair,True,True,Walk|Sit|Scratch,20.138,True
bathroom-01,bathroom.wall-mirror,domestic-longhair,True,True,Walk|Paw|Sit,16.125,True
bathroom-01,bathroom.bath-mat,domestic-longhair,True,True,Walk|Paw|Sleep,24.672,True
bathroom-01,bathroom.tub,domestic-longhair,True,True,Walk|Hop|Paw,25.760,True
bathroom-01,bathroom.litter-box,domestic-longhair,True,True,Walk|Paw,25.922,True
bathroom-01,bathroom.vanity-sink,maine-coon,True,True,Walk|Hop|Drink,20.470,True
bathroom-01,bathroom.towel-storage,maine-coon,True,True,Walk|Hop|Sleep,21.838,True
bathroom-01,bathroom.grooming-cart,maine-coon,True,True,Walk|Groom,20.903,True
bathroom-01,bathroom.toilet,maine-coon,True,True,Walk|Paw|Sit,21.318,True
bathroom-01,bathroom.laundry-hamper,maine-coon,True,True,Walk|Hop|Sleep,26.518,True
bathroom-01,bathroom.shower,maine-coon,True,True,Walk|Sit|Scratch,17.924,True
bathroom-01,bathroom.wall-mirror,maine-coon,True,True,Walk|Paw|Sit,22.366,True
bathroom-01,bathroom.bath-mat,maine-coon,True,True,Walk|Paw|Sleep,20.198,True
bathroom-01,bathroom.tub,maine-coon,True,True,Walk|Hop|Paw,20.112,True
bathroom-01,bathroom.litter-box,maine-coon,True,True,Walk|Paw,19.483,True
bathroom-01,bathroom.vanity-sink,oriental-shorthair,True,True,Walk|Hop|Drink,21.801,True
bathroom-01,bathroom.towel-storage,oriental-shorthair,True,True,Walk|Hop|Sleep,29.819,True
bathroom-01,bathroom.grooming-cart,oriental-shorthair,True,True,Walk|Groom,21.194,True
bathroom-01,bathroom.toilet,oriental-shorthair,True,True,Walk|Paw|Sit,23.280,True
bathroom-01,bathroom.laundry-hamper,oriental-shorthair,True,True,Walk|Hop|Sleep,23.623,True
bathroom-01,bathroom.shower,oriental-shorthair,True,True,Walk|Sit|Scratch,20.593,True
bathroom-01,bathroom.wall-mirror,oriental-shorthair,True,True,Walk|Paw|Sit,19.979,True
bathroom-01,bathroom.bath-mat,oriental-shorthair,True,True,Walk|Paw|Sleep,22.574,True
bathroom-01,bathroom.tub,oriental-shorthair,True,True,Walk|Hop|Paw,26.526,True
bathroom-01,bathroom.litter-box,oriental-shorthair,True,True,Walk|Paw,23.854,True
bathroom-01,bathroom.vanity-sink,persian,True,True,Walk|Hop|Drink,26.240,True
bathroom-01,bathroom.towel-storage,persian,True,True,Walk|Hop|Sleep,25.372,True
bathroom-01,bathroom.grooming-cart,persian,True,True,Walk|Groom,24.188,True
bathroom-01,bathroom.toilet,persian,True,True,Walk|Paw|Sit,26.324,True
bathroom-01,bathroom.laundry-hamper,persian,True,True,Walk|Hop|Sleep,23.001,True
bathroom-01,bathroom.shower,persian,True,True,Walk|Sit|Scratch,16.953,True
bathroom-01,bathroom.wall-mirror,persian,True,True,Walk|Paw|Sit,17.447,True
bathroom-01,bathroom.bath-mat,persian,True,True,Walk|Paw|Sleep,24.328,True
bathroom-01,bathroom.tub,persian,True,True,Walk|Hop|Paw,25.520,True
bathroom-01,bathroom.litter-box,persian,True,True,Walk|Paw,19.619,True
bathroom-01,bathroom.vanity-sink,russian-blue,True,True,Walk|Hop|Drink,26.435,True
bathroom-01,bathroom.towel-storage,russian-blue,True,True,Walk|Hop|Sleep,18.254,True
bathroom-01,bathroom.grooming-cart,russian-blue,True,True,Walk|Groom,22.675,True
bathroom-01,bathroom.toilet,russian-blue,True,True,Walk|Paw|Sit,24.097,True
bathroom-01,bathroom.laundry-hamper,russian-blue,True,True,Walk|Hop|Sleep,24.994,True
bathroom-01,bathroom.shower,russian-blue,True,True,Walk|Sit|Scratch,15.960,True
bathroom-01,bathroom.wall-mirror,russian-blue,True,True,Walk|Paw|Sit,16.819,True
bathroom-01,bathroom.bath-mat,russian-blue,True,True,Walk|Paw|Sleep,20.499,True
bathroom-01,bathroom.tub,russian-blue,True,True,Walk|Hop|Paw,22.506,True
bathroom-01,bathroom.litter-box,russian-blue,True,True,Walk|Paw,22.973,True
bathroom-01,bathroom.vanity-sink,sphynx,True,True,Walk|Hop|Drink,22.646,True
bathroom-01,bathroom.towel-storage,sphynx,True,True,Walk|Hop|Sleep,23.002,True
bathroom-01,bathroom.grooming-cart,sphynx,True,True,Walk|Groom,21.189,True
bathroom-01,bathroom.toilet,sphynx,True,True,Walk|Paw|Sit,22.085,True
bathroom-01,bathroom.laundry-hamper,sphynx,True,True,Walk|Hop|Sleep,24.317,True
bathroom-01,bathroom.shower,sphynx,True,True,Walk|Sit|Scratch,22.365,True
bathroom-01,bathroom.wall-mirror,sphynx,True,True,Walk|Paw|Sit,15.472,True
bathroom-01,bathroom.bath-mat,sphynx,True,True,Walk|Paw|Sleep,21.988,True
bathroom-01,bathroom.tub,sphynx,True,True,Walk|Hop|Paw,25.370,True
bathroom-01,bathroom.litter-box,sphynx,True,True,Walk|Paw,18.514,True
kitchen-01,kitchen.dish-cart,domestic-shorthair,True,True,Walk|Paw|Sit,25.470,True
kitchen-01,kitchen.sink-cabinet,domestic-shorthair,True,True,Walk|Hop|Drink,20.019,True
kitchen-01,kitchen.pantry-shelf,domestic-shorthair,True,True,Walk|Hop|Sleep,24.511,True
kitchen-01,kitchen.paw-mat,domestic-shorthair,True,True,Walk|Paw|Sleep,22.726,True
kitchen-01,kitchen.counter-stool,domestic-shorthair,True,True,Walk|Hop|Sit,20.932,True
kitchen-01,kitchen.refrigerator,domestic-shorthair,True,True,Walk|Paw|Sit,15.745,True
kitchen-01,kitchen.fruit-basket,domestic-shorthair,True,True,Walk|Paw|Sit,17.625,True
kitchen-01,kitchen.island,domestic-shorthair,True,True,Walk|Hop|Sleep,20.612,True
kitchen-01,kitchen.stove-oven,domestic-shorthair,True,True,Walk|Sleep,12.277,True
kitchen-01,kitchen.feeding-station,domestic-shorthair,True,True,Walk|Eat,18.793,True
kitchen-01,kitchen.dish-cart,domestic-shorthair-orange,True,True,Walk|Paw|Sit,26.513,True
kitchen-01,kitchen.sink-cabinet,domestic-shorthair-orange,True,True,Walk|Hop|Drink,21.121,True
kitchen-01,kitchen.pantry-shelf,domestic-shorthair-orange,True,True,Walk|Hop|Sleep,20.478,True
kitchen-01,kitchen.paw-mat,domestic-shorthair-orange,True,True,Walk|Paw|Sleep,25.134,True
kitchen-01,kitchen.counter-stool,domestic-shorthair-orange,True,True,Walk|Hop|Sit,19.973,True
kitchen-01,kitchen.refrigerator,domestic-shorthair-orange,True,True,Walk|Paw|Sit,16.940,True
kitchen-01,kitchen.fruit-basket,domestic-shorthair-orange,True,True,Walk|Paw|Sit,19.145,True
kitchen-01,kitchen.island,domestic-shorthair-orange,True,True,Walk|Hop|Sleep,16.707,True
kitchen-01,kitchen.stove-oven,domestic-shorthair-orange,True,True,Walk|Sleep,14.946,True
kitchen-01,kitchen.feeding-station,domestic-shorthair-orange,True,True,Walk|Eat,18.600,True
kitchen-01,kitchen.dish-cart,khao-manee,True,True,Walk|Paw|Sit,29.073,True
kitchen-01,kitchen.sink-cabinet,khao-manee,True,True,Walk|Hop|Drink,20.414,True
kitchen-01,kitchen.pantry-shelf,khao-manee,True,True,Walk|Hop|Sleep,23.763,True
kitchen-01,kitchen.paw-mat,khao-manee,True,True,Walk|Paw|Sleep,21.611,True
kitchen-01,kitchen.counter-stool,khao-manee,True,True,Walk|Hop|Sit,14.416,True
kitchen-01,kitchen.refrigerator,khao-manee,True,True,Walk|Paw|Sit,21.159,True
kitchen-01,kitchen.fruit-basket,khao-manee,True,True,Walk|Paw|Sit,17.404,True
kitchen-01,kitchen.island,khao-manee,True,True,Walk|Hop|Sleep,18.370,True
kitchen-01,kitchen.stove-oven,khao-manee,True,True,Walk|Sleep,14.028,True
kitchen-01,kitchen.feeding-station,khao-manee,True,True,Walk|Eat,18.624,True
kitchen-01,kitchen.dish-cart,british-shorthair,True,True,Walk|Paw|Sit,23.080,True
kitchen-01,kitchen.sink-cabinet,british-shorthair,True,True,Walk|Hop|Drink,20.863,True
kitchen-01,kitchen.pantry-shelf,british-shorthair,True,True,Walk|Hop|Sleep,13.734,True
kitchen-01,kitchen.paw-mat,british-shorthair,True,True,Walk|Paw|Sleep,24.456,True
kitchen-01,kitchen.counter-stool,british-shorthair,True,True,Walk|Hop|Sit,25.581,True
kitchen-01,kitchen.refrigerator,british-shorthair,True,True,Walk|Paw|Sit,21.232,True
kitchen-01,kitchen.fruit-basket,british-shorthair,True,True,Walk|Paw|Sit,18.203,True
kitchen-01,kitchen.island,british-shorthair,True,True,Walk|Hop|Sleep,21.328,True
kitchen-01,kitchen.stove-oven,british-shorthair,True,True,Walk|Sleep,12.370,True
kitchen-01,kitchen.feeding-station,british-shorthair,True,True,Walk|Eat,18.917,True
kitchen-01,kitchen.dish-cart,domestic-longhair,True,True,Walk|Paw|Sit,26.775,True
kitchen-01,kitchen.sink-cabinet,domestic-longhair,True,True,Walk|Hop|Drink,23.810,True
kitchen-01,kitchen.pantry-shelf,domestic-longhair,True,True,Walk|Hop|Sleep,16.647,True
kitchen-01,kitchen.paw-mat,domestic-longhair,True,True,Walk|Paw|Sleep,23.925,True
kitchen-01,kitchen.counter-stool,domestic-longhair,True,True,Walk|Hop|Sit,14.610,True
kitchen-01,kitchen.refrigerator,domestic-longhair,True,True,Walk|Paw|Sit,18.655,True
kitchen-01,kitchen.fruit-basket,domestic-longhair,True,True,Walk|Paw|Sit,17.780,True
kitchen-01,kitchen.island,domestic-longhair,True,True,Walk|Hop|Sleep,21.299,True
kitchen-01,kitchen.stove-oven,domestic-longhair,True,True,Walk|Sleep,12.786,True
kitchen-01,kitchen.feeding-station,domestic-longhair,True,True,Walk|Eat,17.770,True
kitchen-01,kitchen.dish-cart,maine-coon,True,True,Walk|Paw|Sit,29.881,True
kitchen-01,kitchen.sink-cabinet,maine-coon,True,True,Walk|Hop|Drink,22.892,True
kitchen-01,kitchen.pantry-shelf,maine-coon,True,True,Walk|Hop|Sleep,24.251,True
kitchen-01,kitchen.paw-mat,maine-coon,True,True,Walk|Paw|Sleep,20.145,True
kitchen-01,kitchen.counter-stool,maine-coon,True,True,Walk|Hop|Sit,26.241,True
kitchen-01,kitchen.refrigerator,maine-coon,True,True,Walk|Paw|Sit,19.929,True
kitchen-01,kitchen.fruit-basket,maine-coon,True,True,Walk|Paw|Sit,20.869,True
kitchen-01,kitchen.island,maine-coon,True,True,Walk|Hop|Sleep,22.899,True
kitchen-01,kitchen.stove-oven,maine-coon,True,True,Walk|Sleep,15.180,True
kitchen-01,kitchen.feeding-station,maine-coon,True,True,Walk|Eat,17.632,True
kitchen-01,kitchen.dish-cart,oriental-shorthair,True,True,Walk|Paw|Sit,25.922,True
kitchen-01,kitchen.sink-cabinet,oriental-shorthair,True,True,Walk|Hop|Drink,26.118,True
kitchen-01,kitchen.pantry-shelf,oriental-shorthair,True,True,Walk|Hop|Sleep,22.042,True
kitchen-01,kitchen.paw-mat,oriental-shorthair,True,True,Walk|Paw|Sleep,21.658,True
kitchen-01,kitchen.counter-stool,oriental-shorthair,True,True,Walk|Hop|Sit,17.687,True
kitchen-01,kitchen.refrigerator,oriental-shorthair,True,True,Walk|Paw|Sit,21.603,True
kitchen-01,kitchen.fruit-basket,oriental-shorthair,True,True,Walk|Paw|Sit,19.217,True
kitchen-01,kitchen.island,oriental-shorthair,True,True,Walk|Hop|Sleep,19.331,True
kitchen-01,kitchen.stove-oven,oriental-shorthair,True,True,Walk|Sleep,13.483,True
kitchen-01,kitchen.feeding-station,oriental-shorthair,True,True,Walk|Eat,17.227,True
kitchen-01,kitchen.dish-cart,persian,True,True,Walk|Paw|Sit,24.698,True
kitchen-01,kitchen.sink-cabinet,persian,True,True,Walk|Hop|Drink,22.782,True
kitchen-01,kitchen.pantry-shelf,persian,True,True,Walk|Hop|Sleep,24.096,True
kitchen-01,kitchen.paw-mat,persian,True,True,Walk|Paw|Sleep,26.421,True
kitchen-01,kitchen.counter-stool,persian,True,True,Walk|Hop|Sit,23.711,True
kitchen-01,kitchen.refrigerator,persian,True,True,Walk|Paw|Sit,18.694,True
kitchen-01,kitchen.fruit-basket,persian,True,True,Walk|Paw|Sit,17.682,True
kitchen-01,kitchen.island,persian,True,True,Walk|Hop|Sleep,22.805,True
kitchen-01,kitchen.stove-oven,persian,True,True,Walk|Sleep,13.824,True
kitchen-01,kitchen.feeding-station,persian,True,True,Walk|Eat,20.049,True
kitchen-01,kitchen.dish-cart,russian-blue,True,True,Walk|Paw|Sit,25.355,True
kitchen-01,kitchen.sink-cabinet,russian-blue,True,True,Walk|Hop|Drink,21.792,True
kitchen-01,kitchen.pantry-shelf,russian-blue,True,True,Walk|Hop|Sleep,21.951,True
kitchen-01,kitchen.paw-mat,russian-blue,True,True,Walk|Paw|Sleep,23.382,True
kitchen-01,kitchen.counter-stool,russian-blue,True,True,Walk|Hop|Sit,14.584,True
kitchen-01,kitchen.refrigerator,russian-blue,True,True,Walk|Paw|Sit,21.968,True
kitchen-01,kitchen.fruit-basket,russian-blue,True,True,Walk|Paw|Sit,20.760,True
kitchen-01,kitchen.island,russian-blue,True,True,Walk|Hop|Sleep,14.261,True
kitchen-01,kitchen.stove-oven,russian-blue,True,True,Walk|Sleep,11.446,True
kitchen-01,kitchen.feeding-station,russian-blue,True,True,Walk|Eat,18.812,True
kitchen-01,kitchen.dish-cart,sphynx,True,True,Walk|Paw|Sit,25.790,True
kitchen-01,kitchen.sink-cabinet,sphynx,True,True,Walk|Hop|Drink,26.318,True
kitchen-01,kitchen.pantry-shelf,sphynx,True,True,Walk|Hop|Sleep,23.701,True
kitchen-01,kitchen.paw-mat,sphynx,True,True,Walk|Paw|Sleep,23.308,True
kitchen-01,kitchen.counter-stool,sphynx,True,True,Walk|Hop|Sit,25.698,True
kitchen-01,kitchen.refrigerator,sphynx,True,True,Walk|Paw|Sit,18.476,True
kitchen-01,kitchen.fruit-basket,sphynx,True,True,Walk|Paw|Sit,15.863,True
kitchen-01,kitchen.island,sphynx,True,True,Walk|Hop|Sleep,24.316,True
kitchen-01,kitchen.stove-oven,sphynx,True,True,Walk|Sleep,12.404,True
kitchen-01,kitchen.feeding-station,sphynx,True,True,Walk|Eat,16.365,True
bedroom-01,bedroom.nightstand,domestic-shorthair,True,True,Walk|Paw|Sit,19.245,True
bedroom-01,bedroom.queen-bed,domestic-shorthair,True,True,Walk|Hop|Sleep,26.561,True
bedroom-01,bedroom.window-daybed,domestic-shorthair,True,True,Walk|Sit,12.635,True
bedroom-01,bedroom.star-canopy,domestic-shorthair,True,True,Walk|Crawl|Sleep,13.649,True
bedroom-01,bedroom.dream-art,domestic-shorthair,True,True,Walk|Sit,12.030,True
bedroom-01,bedroom.night-light,domestic-shorthair,True,True,Walk|Sit,16.352,True
bedroom-01,bedroom.paw-rug,domestic-shorthair,True,True,Walk|Paw|Sleep,19.218,True
bedroom-01,bedroom.wardrobe,domestic-shorthair,True,True,Walk|Scratch|Sit,18.280,True
bedroom-01,bedroom.vanity-stool,domestic-shorthair,True,True,Walk|Hop|Sit,25.275,True
bedroom-01,bedroom.yarn-basket,domestic-shorthair,True,True,Walk|Hop|Sit,26.250,True
bedroom-01,bedroom.nightstand,domestic-shorthair-orange,True,True,Walk|Paw|Sit,19.942,True
bedroom-01,bedroom.queen-bed,domestic-shorthair-orange,True,True,Walk|Hop|Sleep,15.161,True
bedroom-01,bedroom.window-daybed,domestic-shorthair-orange,True,True,Walk|Sit,17.241,True
bedroom-01,bedroom.star-canopy,domestic-shorthair-orange,True,True,Walk|Crawl|Sleep,13.321,True
bedroom-01,bedroom.dream-art,domestic-shorthair-orange,True,True,Walk|Sit,15.077,True
bedroom-01,bedroom.night-light,domestic-shorthair-orange,True,True,Walk|Sit,16.407,True
bedroom-01,bedroom.paw-rug,domestic-shorthair-orange,True,True,Walk|Paw|Sleep,24.828,True
bedroom-01,bedroom.wardrobe,domestic-shorthair-orange,True,True,Walk|Scratch|Sit,18.127,True
bedroom-01,bedroom.vanity-stool,domestic-shorthair-orange,True,True,Walk|Hop|Sit,19.403,True
bedroom-01,bedroom.yarn-basket,domestic-shorthair-orange,True,True,Walk|Hop|Sit,21.543,True
bedroom-01,bedroom.nightstand,khao-manee,True,True,Walk|Paw|Sit,24.399,True
bedroom-01,bedroom.queen-bed,khao-manee,True,True,Walk|Hop|Sleep,21.969,True
bedroom-01,bedroom.window-daybed,khao-manee,True,True,Walk|Sit,14.354,True
bedroom-01,bedroom.star-canopy,khao-manee,True,True,Walk|Crawl|Sleep,14.115,True
bedroom-01,bedroom.dream-art,khao-manee,True,True,Walk|Sit,14.135,True
bedroom-01,bedroom.night-light,khao-manee,True,True,Walk|Sit,14.869,True
bedroom-01,bedroom.paw-rug,khao-manee,True,True,Walk|Paw|Sleep,24.237,True
bedroom-01,bedroom.wardrobe,khao-manee,True,True,Walk|Scratch|Sit,21.583,True
bedroom-01,bedroom.vanity-stool,khao-manee,True,True,Walk|Hop|Sit,21.657,True
bedroom-01,bedroom.yarn-basket,khao-manee,True,True,Walk|Hop|Sit,24.125,True
bedroom-01,bedroom.nightstand,british-shorthair,True,True,Walk|Paw|Sit,25.341,True
bedroom-01,bedroom.queen-bed,british-shorthair,True,True,Walk|Hop|Sleep,23.040,True
bedroom-01,bedroom.window-daybed,british-shorthair,True,True,Walk|Sit,15.833,True
bedroom-01,bedroom.star-canopy,british-shorthair,True,True,Walk|Crawl|Sleep,13.779,True
bedroom-01,bedroom.dream-art,british-shorthair,True,True,Walk|Sit,15.154,True
bedroom-01,bedroom.night-light,british-shorthair,True,True,Walk|Sit,16.219,True
bedroom-01,bedroom.paw-rug,british-shorthair,True,True,Walk|Paw|Sleep,25.372,True
bedroom-01,bedroom.wardrobe,british-shorthair,True,True,Walk|Scratch|Sit,21.641,True
bedroom-01,bedroom.vanity-stool,british-shorthair,True,True,Walk|Hop|Sit,26.366,True
bedroom-01,bedroom.yarn-basket,british-shorthair,True,True,Walk|Hop|Sit,24.683,True
bedroom-01,bedroom.nightstand,domestic-longhair,True,True,Walk|Paw|Sit,19.359,True
bedroom-01,bedroom.queen-bed,domestic-longhair,True,True,Walk|Hop|Sleep,24.674,True
bedroom-01,bedroom.window-daybed,domestic-longhair,True,True,Walk|Sit,15.279,True
bedroom-01,bedroom.star-canopy,domestic-longhair,True,True,Walk|Crawl|Sleep,12.418,True
bedroom-01,bedroom.dream-art,domestic-longhair,True,True,Walk|Sit,16.667,True
bedroom-01,bedroom.night-light,domestic-longhair,True,True,Walk|Sit,14.828,True
bedroom-01,bedroom.paw-rug,domestic-longhair,True,True,Walk|Paw|Sleep,20.860,True
bedroom-01,bedroom.wardrobe,domestic-longhair,True,True,Walk|Scratch|Sit,21.211,True
bedroom-01,bedroom.vanity-stool,domestic-longhair,True,True,Walk|Hop|Sit,24.922,True
bedroom-01,bedroom.yarn-basket,domestic-longhair,True,True,Walk|Hop|Sit,25.414,True
bedroom-01,bedroom.nightstand,maine-coon,True,True,Walk|Paw|Sit,18.250,True
bedroom-01,bedroom.queen-bed,maine-coon,True,True,Walk|Hop|Sleep,23.637,True
bedroom-01,bedroom.window-daybed,maine-coon,True,True,Walk|Sit,14.569,True
bedroom-01,bedroom.star-canopy,maine-coon,True,True,Walk|Crawl|Sleep,14.666,True
bedroom-01,bedroom.dream-art,maine-coon,True,True,Walk|Sit,12.688,True
bedroom-01,bedroom.night-light,maine-coon,True,True,Walk|Sit,15.323,True
bedroom-01,bedroom.paw-rug,maine-coon,True,True,Walk|Paw|Sleep,23.529,True
bedroom-01,bedroom.wardrobe,maine-coon,True,True,Walk|Scratch|Sit,18.967,True
bedroom-01,bedroom.vanity-stool,maine-coon,True,True,Walk|Hop|Sit,23.203,True
bedroom-01,bedroom.yarn-basket,maine-coon,True,True,Walk|Hop|Sit,24.274,True
bedroom-01,bedroom.nightstand,oriental-shorthair,True,True,Walk|Paw|Sit,22.868,True
bedroom-01,bedroom.queen-bed,oriental-shorthair,True,True,Walk|Hop|Sleep,17.782,True
bedroom-01,bedroom.window-daybed,oriental-shorthair,True,True,Walk|Sit,14.924,True
bedroom-01,bedroom.star-canopy,oriental-shorthair,True,True,Walk|Crawl|Sleep,15.323,True
bedroom-01,bedroom.dream-art,oriental-shorthair,True,True,Walk|Sit,14.796,True
bedroom-01,bedroom.night-light,oriental-shorthair,True,True,Walk|Sit,13.865,True
bedroom-01,bedroom.paw-rug,oriental-shorthair,True,True,Walk|Paw|Sleep,20.900,True
bedroom-01,bedroom.wardrobe,oriental-shorthair,True,True,Walk|Scratch|Sit,24.141,True
bedroom-01,bedroom.vanity-stool,oriental-shorthair,True,True,Walk|Hop|Sit,25.271,True
bedroom-01,bedroom.yarn-basket,oriental-shorthair,True,True,Walk|Hop|Sit,25.272,True
bedroom-01,bedroom.nightstand,persian,True,True,Walk|Paw|Sit,20.906,True
bedroom-01,bedroom.queen-bed,persian,True,True,Walk|Hop|Sleep,23.934,True
bedroom-01,bedroom.window-daybed,persian,True,True,Walk|Sit,15.833,True
bedroom-01,bedroom.star-canopy,persian,True,True,Walk|Crawl|Sleep,12.625,True
bedroom-01,bedroom.dream-art,persian,True,True,Walk|Sit,17.426,True
bedroom-01,bedroom.night-light,persian,True,True,Walk|Sit,17.199,True
bedroom-01,bedroom.paw-rug,persian,True,True,Walk|Paw|Sleep,19.189,True
bedroom-01,bedroom.wardrobe,persian,True,True,Walk|Scratch|Sit,22.903,True
bedroom-01,bedroom.vanity-stool,persian,True,True,Walk|Hop|Sit,15.025,True
bedroom-01,bedroom.yarn-basket,persian,True,True,Walk|Hop|Sit,23.686,True
bedroom-01,bedroom.nightstand,russian-blue,True,True,Walk|Paw|Sit,19.839,True
bedroom-01,bedroom.queen-bed,russian-blue,True,True,Walk|Hop|Sleep,16.098,True
bedroom-01,bedroom.window-daybed,russian-blue,True,True,Walk|Sit,13.614,True
bedroom-01,bedroom.star-canopy,russian-blue,True,True,Walk|Crawl|Sleep,10.489,True
bedroom-01,bedroom.dream-art,russian-blue,True,True,Walk|Sit,13.931,True
bedroom-01,bedroom.night-light,russian-blue,True,True,Walk|Sit,13.579,True
bedroom-01,bedroom.paw-rug,russian-blue,True,True,Walk|Paw|Sleep,24.694,True
bedroom-01,bedroom.wardrobe,russian-blue,True,True,Walk|Scratch|Sit,21.726,True
bedroom-01,bedroom.vanity-stool,russian-blue,True,True,Walk|Hop|Sit,17.651,True
bedroom-01,bedroom.yarn-basket,russian-blue,True,True,Walk|Hop|Sit,16.175,True
bedroom-01,bedroom.nightstand,sphynx,True,True,Walk|Paw|Sit,21.451,True
bedroom-01,bedroom.queen-bed,sphynx,True,True,Walk|Hop|Sleep,24.259,True
bedroom-01,bedroom.window-daybed,sphynx,True,True,Walk|Sit,16.018,True
bedroom-01,bedroom.star-canopy,sphynx,True,True,Walk|Crawl|Sleep,11.875,True
bedroom-01,bedroom.dream-art,sphynx,True,True,Walk|Sit,15.154,True
bedroom-01,bedroom.night-light,sphynx,True,True,Walk|Sit,15.640,True
bedroom-01,bedroom.paw-rug,sphynx,True,True,Walk|Paw|Sleep,24.928,True
bedroom-01,bedroom.wardrobe,sphynx,True,True,Walk|Scratch,22.338,True
bedroom-01,bedroom.vanity-stool,sphynx,True,True,Walk|Hop|Sit,19.444,True
bedroom-01,bedroom.yarn-basket,sphynx,True,True,Walk|Hop|Sit,23.811,True
garden-01,garden.bistro-set,domestic-shorthair,True,True,Walk|Hop|Sleep,19.409,True
garden-01,garden.grill,domestic-shorthair,True,True,Walk|Paw|Sit,17.008,True
garden-01,garden.sapling,domestic-shorthair,True,True,Walk|Scratch,24.103,True
garden-01,garden.flower-pots,domestic-shorthair,True,True,Walk|Paw,24.589,True
garden-01,garden.yarn-ball,domestic-shorthair,True,True,Walk|Hop|Sit|Paw,26.363,True
garden-01,garden.daisy-bed,domestic-shorthair,True,True,Walk|Paw|Sleep,23.356,True
garden-01,garden.pergola,domestic-shorthair,True,True,Walk|Hop|Sleep,25.598,True
garden-01,garden.sun-lounger,domestic-shorthair,True,True,Walk|Hop|Sleep,26.135,True
garden-01,garden.hammock,domestic-shorthair,True,True,Walk|Hop|Sleep,26.452,True
garden-01,garden.bird-bath,domestic-shorthair,True,True,Walk|Hop|Drink,25.272,True
garden-01,garden.bistro-set,domestic-shorthair-orange,True,True,Walk|Hop|Sleep,26.419,True
garden-01,garden.grill,domestic-shorthair-orange,True,True,Walk|Paw|Sit,21.327,True
garden-01,garden.sapling,domestic-shorthair-orange,True,True,Walk|Scratch,19.790,True
garden-01,garden.flower-pots,domestic-shorthair-orange,True,True,Walk|Paw,25.555,True
garden-01,garden.yarn-ball,domestic-shorthair-orange,True,True,Walk|Hop|Sit|Paw,24.467,True
garden-01,garden.daisy-bed,domestic-shorthair-orange,True,True,Walk|Paw|Sleep,23.425,True
garden-01,garden.pergola,domestic-shorthair-orange,True,True,Walk|Hop|Sleep,23.748,True
garden-01,garden.sun-lounger,domestic-shorthair-orange,True,True,Walk|Hop|Sleep,26.024,True
garden-01,garden.hammock,domestic-shorthair-orange,True,True,Walk|Hop|Sleep,25.874,True
garden-01,garden.bird-bath,domestic-shorthair-orange,True,True,Walk|Hop|Drink,24.871,True
garden-01,garden.bistro-set,khao-manee,True,True,Walk|Hop|Sleep,22.549,True
garden-01,garden.grill,khao-manee,True,True,Walk|Paw|Sit,15.280,True
garden-01,garden.sapling,khao-manee,True,True,Walk|Scratch,24.329,True
garden-01,garden.flower-pots,khao-manee,True,True,Walk|Paw,19.776,True
garden-01,garden.yarn-ball,khao-manee,True,True,Walk|Hop|Sit|Paw,24.890,True
garden-01,garden.daisy-bed,khao-manee,True,True,Walk|Paw|Sleep,24.127,True
garden-01,garden.pergola,khao-manee,True,True,Walk|Hop|Sleep,25.394,True
garden-01,garden.sun-lounger,khao-manee,True,True,Walk|Hop|Sleep,16.549,True
garden-01,garden.hammock,khao-manee,True,True,Walk|Hop|Sleep,21.972,True
garden-01,garden.bird-bath,khao-manee,True,True,Walk|Hop|Drink,24.669,True
garden-01,garden.bistro-set,british-shorthair,True,True,Walk|Hop|Sleep,26.386,True
garden-01,garden.grill,british-shorthair,True,True,Walk|Paw|Sit,17.198,True
garden-01,garden.sapling,british-shorthair,True,True,Walk|Scratch|Sit,21.914,True
garden-01,garden.flower-pots,british-shorthair,True,True,Walk|Paw,21.603,True
garden-01,garden.yarn-ball,british-shorthair,True,True,Walk|Hop|Sit|Paw,26.652,True
garden-01,garden.daisy-bed,british-shorthair,True,True,Walk|Paw|Sleep,22.617,True
garden-01,garden.pergola,british-shorthair,True,True,Walk|Hop|Sleep,24.831,True
garden-01,garden.sun-lounger,british-shorthair,True,True,Walk|Hop|Sleep,23.920,True
garden-01,garden.hammock,british-shorthair,True,True,Walk|Hop|Sleep,20.676,True
garden-01,garden.bird-bath,british-shorthair,True,True,Walk|Hop|Drink,26.443,True
garden-01,garden.bistro-set,domestic-longhair,True,True,Walk|Hop|Sleep,21.603,True
garden-01,garden.grill,domestic-longhair,True,True,Walk|Paw|Sit,15.385,True
garden-01,garden.sapling,domestic-longhair,True,True,Walk|Scratch,17.845,True
garden-01,garden.flower-pots,domestic-longhair,True,True,Walk|Paw,24.325,True
garden-01,garden.yarn-ball,domestic-longhair,True,True,Walk|Hop|Sit|Paw,25.083,True
garden-01,garden.daisy-bed,domestic-longhair,True,True,Walk|Paw|Sleep,26.944,True
garden-01,garden.pergola,domestic-longhair,True,True,Walk|Hop|Sleep,26.431,True
garden-01,garden.sun-lounger,domestic-longhair,True,True,Walk|Hop|Sleep,25.823,True
garden-01,garden.hammock,domestic-longhair,True,True,Walk|Hop|Sleep,26.542,True
garden-01,garden.bird-bath,domestic-longhair,True,True,Walk|Hop|Drink,25.150,True
garden-01,garden.bistro-set,maine-coon,True,True,Walk|Hop|Sleep,25.660,True
garden-01,garden.grill,maine-coon,True,True,Walk|Paw|Sit,19.968,True
garden-01,garden.sapling,maine-coon,True,True,Walk|Scratch|Sit,17.203,True
garden-01,garden.flower-pots,maine-coon,True,True,Walk|Paw,19.538,True
garden-01,garden.yarn-ball,maine-coon,True,True,Walk|Hop|Sit|Paw,30.625,True
garden-01,garden.daisy-bed,maine-coon,True,True,Walk|Paw|Sleep,16.072,True
garden-01,garden.pergola,maine-coon,True,True,Walk|Hop|Sleep,23.928,True
garden-01,garden.sun-lounger,maine-coon,True,True,Walk|Hop|Sleep,25.272,True
garden-01,garden.hammock,maine-coon,True,True,Walk|Hop|Sleep,25.138,True
garden-01,garden.bird-bath,maine-coon,True,True,Walk|Hop|Drink,26.328,True
garden-01,garden.bistro-set,oriental-shorthair,True,True,Walk|Hop|Sleep,26.679,True
garden-01,garden.grill,oriental-shorthair,True,True,Walk|Paw|Sit,17.199,True
garden-01,garden.sapling,oriental-shorthair,True,True,Walk|Scratch|Sit,21.274,True
garden-01,garden.flower-pots,oriental-shorthair,True,True,Walk|Paw,21.038,True
garden-01,garden.yarn-ball,oriental-shorthair,True,True,Walk|Hop|Sit|Paw,25.941,True
garden-01,garden.daisy-bed,oriental-shorthair,True,True,Walk|Paw|Sleep,21.462,True
garden-01,garden.pergola,oriental-shorthair,True,True,Walk|Hop|Sleep,26.299,True
garden-01,garden.sun-lounger,oriental-shorthair,True,True,Walk|Hop|Sleep,25.954,True
garden-01,garden.hammock,oriental-shorthair,True,True,Walk|Hop|Sleep,24.976,True
garden-01,garden.bird-bath,oriental-shorthair,True,True,Walk|Hop|Drink,21.882,True
garden-01,garden.bistro-set,persian,True,True,Walk|Hop|Sleep,25.264,True
garden-01,garden.grill,persian,True,True,Walk|Paw|Sit,17.638,True
garden-01,garden.sapling,persian,True,True,Walk|Scratch|Sit,20.495,True
garden-01,garden.flower-pots,persian,True,True,Walk|Paw,19.505,True
garden-01,garden.yarn-ball,persian,True,True,Walk|Hop|Sit|Paw,26.055,True
garden-01,garden.daisy-bed,persian,True,True,Walk|Paw|Sleep,23.746,True
garden-01,garden.pergola,persian,True,True,Walk|Hop|Sleep,24.906,True
garden-01,garden.sun-lounger,persian,True,True,Walk|Hop|Sleep,22.231,True
garden-01,garden.hammock,persian,True,True,Walk|Hop|Sleep,24.335,True
garden-01,garden.bird-bath,persian,True,True,Walk|Hop|Drink,26.193,True
garden-01,garden.bistro-set,russian-blue,True,True,Walk|Hop|Sleep,25.873,True
garden-01,garden.grill,russian-blue,True,True,Walk|Paw|Sit,16.306,True
garden-01,garden.sapling,russian-blue,True,True,Walk|Scratch|Sit,18.600,True
garden-01,garden.flower-pots,russian-blue,True,True,Walk|Paw,22.425,True
garden-01,garden.yarn-ball,russian-blue,True,True,Walk|Hop|Sit|Paw,25.266,True
garden-01,garden.daisy-bed,russian-blue,True,True,Walk|Paw|Sleep,25.290,True
garden-01,garden.pergola,russian-blue,True,True,Walk|Hop|Sleep,24.298,True
garden-01,garden.sun-lounger,russian-blue,True,True,Walk|Hop|Sleep,19.361,True
garden-01,garden.hammock,russian-blue,True,True,Walk|Hop|Sleep,26.343,True
garden-01,garden.bird-bath,russian-blue,True,True,Walk|Hop|Drink,25.467,True
garden-01,garden.bistro-set,sphynx,True,True,Walk|Hop|Sleep,25.933,True
garden-01,garden.grill,sphynx,True,True,Walk|Paw|Sit,15.367,True
garden-01,garden.sapling,sphynx,True,True,Walk|Scratch|Sit,21.436,True
garden-01,garden.flower-pots,sphynx,True,True,Walk|Paw,17.422,True
garden-01,garden.yarn-ball,sphynx,True,True,Walk|Hop|Sit|Paw,25.905,True
garden-01,garden.daisy-bed,sphynx,True,True,Walk|Paw|Sleep,26.416,True
garden-01,garden.pergola,sphynx,True,True,Walk|Hop|Sleep,23.550,True
garden-01,garden.sun-lounger,sphynx,True,True,Walk|Hop|Sleep,24.259,True
garden-01,garden.hammock,sphynx,True,True,Walk|Hop|Sleep,25.911,True
garden-01,garden.bird-bath,sphynx,True,True,Walk|Hop|Drink,26.232,True
balcony-01,balcony.herb-shelf,domestic-shorthair,True,True,Walk|Hop|Sit,14.134,True
balcony-01,balcony.cushion-bench,domestic-shorthair,True,True,Walk|Hop|Sleep,17.160,True
balcony-01,balcony.hanging-chair,domestic-shorthair,True,True,Walk|Hop|Sleep,25.466,True
balcony-01,balcony.sun-mat,domestic-shorthair,True,True,Walk|Sleep,14.790,True
balcony-01,balcony.railing-flowers,domestic-shorthair,True,True,Walk|Paw|Sit,17.847,True
balcony-01,balcony.planter-box,domestic-shorthair,True,True,Walk|Paw,24.429,True
balcony-01,balcony.lantern-string,domestic-shorthair,True,True,Walk|Sit,13.592,True
balcony-01,balcony.bird-feeder,domestic-shorthair,True,True,Walk|Paw|Sit,23.953,True
balcony-01,balcony.sun-awning,domestic-shorthair,True,True,Walk|Sit,15.308,True
balcony-01,balcony.side-table,domestic-shorthair,True,True,Walk|Paw|Sit,25.989,True
balcony-01,balcony.herb-shelf,domestic-shorthair-orange,True,True,Walk|Hop|Sit,25.967,True
balcony-01,balcony.cushion-bench,domestic-shorthair-orange,True,True,Walk|Hop|Sleep,23.807,True
balcony-01,balcony.hanging-chair,domestic-shorthair-orange,True,True,Walk|Hop|Sleep,16.035,True
balcony-01,balcony.sun-mat,domestic-shorthair-orange,True,True,Walk|Sleep,12.339,True
balcony-01,balcony.railing-flowers,domestic-shorthair-orange,True,True,Walk|Paw|Sit,19.127,True
balcony-01,balcony.planter-box,domestic-shorthair-orange,True,True,Walk|Paw,23.884,True
balcony-01,balcony.lantern-string,domestic-shorthair-orange,True,True,Walk|Sit,13.201,True
balcony-01,balcony.bird-feeder,domestic-shorthair-orange,True,True,Walk|Paw|Sit,22.656,True
balcony-01,balcony.sun-awning,domestic-shorthair-orange,True,True,Walk|Sit,15.616,True
balcony-01,balcony.side-table,domestic-shorthair-orange,True,True,Walk|Paw|Sit,30.678,True
balcony-01,balcony.herb-shelf,khao-manee,True,True,Walk|Hop|Sit,20.249,True
balcony-01,balcony.cushion-bench,khao-manee,True,True,Walk|Hop|Sleep,22.073,True
balcony-01,balcony.hanging-chair,khao-manee,True,True,Walk|Hop|Sleep,22.567,True
balcony-01,balcony.sun-mat,khao-manee,True,True,Walk|Sleep,13.827,True
balcony-01,balcony.railing-flowers,khao-manee,True,True,Walk|Paw|Sit,18.356,True
balcony-01,balcony.planter-box,khao-manee,True,True,Walk|Paw,23.852,True
balcony-01,balcony.lantern-string,khao-manee,True,True,Walk|Sit,13.547,True
balcony-01,balcony.bird-feeder,khao-manee,True,True,Walk|Paw|Sit,23.803,True
balcony-01,balcony.sun-awning,khao-manee,True,True,Walk|Sit,15.359,True
balcony-01,balcony.side-table,khao-manee,True,True,Walk|Paw|Sit,25.204,True
balcony-01,balcony.herb-shelf,british-shorthair,True,True,Walk|Hop|Sit,19.252,True
balcony-01,balcony.cushion-bench,british-shorthair,True,True,Walk|Hop|Sleep,17.412,True
balcony-01,balcony.hanging-chair,british-shorthair,True,True,Walk|Hop|Sleep,17.114,True
balcony-01,balcony.sun-mat,british-shorthair,True,True,Walk|Sleep,15.782,True
balcony-01,balcony.railing-flowers,british-shorthair,True,True,Walk|Paw|Sit,20.157,True
balcony-01,balcony.planter-box,british-shorthair,True,True,Walk|Paw,25.707,True
balcony-01,balcony.lantern-string,british-shorthair,True,True,Walk|Sit,13.160,True
balcony-01,balcony.bird-feeder,british-shorthair,True,True,Walk|Paw|Sit,23.220,True
balcony-01,balcony.sun-awning,british-shorthair,True,True,Walk|Sit,14.797,True
balcony-01,balcony.side-table,british-shorthair,True,True,Walk|Paw|Sit,24.289,True
balcony-01,balcony.herb-shelf,domestic-longhair,True,True,Walk|Hop|Sit,20.760,True
balcony-01,balcony.cushion-bench,domestic-longhair,True,True,Walk|Hop|Sleep,17.966,True
balcony-01,balcony.hanging-chair,domestic-longhair,True,True,Walk|Hop|Sleep,14.199,True
balcony-01,balcony.sun-mat,domestic-longhair,True,True,Walk|Sleep,13.690,True
balcony-01,balcony.railing-flowers,domestic-longhair,True,True,Walk|Paw|Sit,21.868,True
balcony-01,balcony.planter-box,domestic-longhair,True,True,Walk|Paw,23.304,True
balcony-01,balcony.lantern-string,domestic-longhair,True,True,Walk|Sit,14.392,True
balcony-01,balcony.bird-feeder,domestic-longhair,True,True,Walk|Paw|Sit,24.751,True
balcony-01,balcony.sun-awning,domestic-longhair,True,True,Walk|Sit,14.586,True
balcony-01,balcony.side-table,domestic-longhair,True,True,Walk|Paw|Sit,21.632,True
balcony-01,balcony.herb-shelf,maine-coon,True,True,Walk|Hop|Sit,23.497,True
balcony-01,balcony.cushion-bench,maine-coon,True,True,Walk|Hop|Sleep,23.744,True
balcony-01,balcony.hanging-chair,maine-coon,True,True,Walk|Hop|Sleep,24.867,True
balcony-01,balcony.sun-mat,maine-coon,True,True,Walk|Sleep,13.570,True
balcony-01,balcony.railing-flowers,maine-coon,True,True,Walk|Paw|Sit,26.865,True
balcony-01,balcony.planter-box,maine-coon,True,True,Walk|Paw,23.747,True
balcony-01,balcony.lantern-string,maine-coon,True,True,Walk|Sit,14.076,True
balcony-01,balcony.bird-feeder,maine-coon,True,True,Walk|Paw|Sit,15.791,True
balcony-01,balcony.sun-awning,maine-coon,True,True,Walk|Sit,15.943,True
balcony-01,balcony.side-table,maine-coon,True,True,Walk|Paw|Sit,21.971,True
balcony-01,balcony.herb-shelf,oriental-shorthair,True,True,Walk|Hop|Sit,19.448,True
balcony-01,balcony.cushion-bench,oriental-shorthair,True,True,Walk|Hop|Sleep,25.660,True
balcony-01,balcony.hanging-chair,oriental-shorthair,True,True,Walk|Hop|Sleep,23.950,True
balcony-01,balcony.sun-mat,oriental-shorthair,True,True,Walk|Sleep,13.808,True
balcony-01,balcony.railing-flowers,oriental-shorthair,True,True,Walk|Paw|Sit,17.737,True
balcony-01,balcony.planter-box,oriental-shorthair,True,True,Walk|Paw,25.398,True
balcony-01,balcony.lantern-string,oriental-shorthair,True,True,Walk|Sit,13.643,True
balcony-01,balcony.bird-feeder,oriental-shorthair,True,True,Walk|Paw|Sit,24.756,True
balcony-01,balcony.sun-awning,oriental-shorthair,True,True,Walk|Sit,14.260,True
balcony-01,balcony.side-table,oriental-shorthair,True,True,Walk|Paw|Sit,22.120,True
balcony-01,balcony.herb-shelf,persian,True,True,Walk|Hop|Sit,19.208,True
balcony-01,balcony.cushion-bench,persian,True,True,Walk|Hop|Sleep,25.878,True
balcony-01,balcony.hanging-chair,persian,True,True,Walk|Hop|Sleep,21.853,True
balcony-01,balcony.sun-mat,persian,True,True,Walk|Sleep,14.300,True
balcony-01,balcony.railing-flowers,persian,True,True,Walk|Paw|Sit,16.457,True
balcony-01,balcony.planter-box,persian,True,True,Walk|Paw,21.232,True
balcony-01,balcony.lantern-string,persian,True,True,Walk|Sit,13.524,True
balcony-01,balcony.bird-feeder,persian,True,True,Walk|Paw|Sit,25.524,True
balcony-01,balcony.sun-awning,persian,True,True,Walk|Sit,15.964,True
balcony-01,balcony.side-table,persian,True,True,Walk|Paw|Sit,16.092,True
balcony-01,balcony.herb-shelf,russian-blue,True,True,Walk|Hop|Sit,26.242,True
balcony-01,balcony.cushion-bench,russian-blue,True,True,Walk|Hop|Sleep,22.532,True
balcony-01,balcony.hanging-chair,russian-blue,True,True,Walk|Hop|Sleep,18.215,True
balcony-01,balcony.sun-mat,russian-blue,True,True,Walk|Sleep,12.583,True
balcony-01,balcony.railing-flowers,russian-blue,True,True,Walk|Paw|Sit,19.038,True
balcony-01,balcony.planter-box,russian-blue,True,True,Walk|Paw,23.680,True
balcony-01,balcony.lantern-string,russian-blue,True,True,Walk|Sit,12.761,True
balcony-01,balcony.bird-feeder,russian-blue,True,True,Walk|Paw|Sit,19.211,True
balcony-01,balcony.sun-awning,russian-blue,True,True,Walk|Sit,16.093,True
balcony-01,balcony.side-table,russian-blue,True,True,Walk|Paw|Sit,23.473,True
balcony-01,balcony.herb-shelf,sphynx,True,True,Walk|Hop|Sit,15.629,True
balcony-01,balcony.cushion-bench,sphynx,True,True,Walk|Hop|Sleep,16.136,True
balcony-01,balcony.hanging-chair,sphynx,True,True,Walk|Hop|Sleep,20.648,True
balcony-01,balcony.sun-mat,sphynx,True,True,Walk|Sleep,13.236,True
balcony-01,balcony.railing-flowers,sphynx,True,True,Walk|Paw|Sit,20.914,True
balcony-01,balcony.planter-box,sphynx,True,True,Walk|Paw,22.542,True
balcony-01,balcony.lantern-string,sphynx,True,True,Walk|Sit,14.379,True
balcony-01,balcony.bird-feeder,sphynx,True,True,Walk|Paw|Sit,19.075,True
balcony-01,balcony.sun-awning,sphynx,True,True,Walk|Sit,16.041,True
balcony-01,balcony.side-table,sphynx,True,True,Walk|Paw|Sit,22.639,True
patio-01,patio.herb-trough,domestic-shorthair,True,True,Walk|Paw,24.767,True
patio-01,patio.stone-rug,domestic-shorthair,True,True,Walk|Paw|Sleep,25.754,True
patio-01,patio.pergola-arch,domestic-shorthair,True,True,Walk|Hop|Sleep,25.037,True
patio-01,patio.porch-swing,domestic-shorthair,True,True,Walk|Hop|Sit,23.149,True
patio-01,patio.water-fountain,domestic-shorthair,True,True,Walk|Hop|Drink,22.146,True
patio-01,patio.fire-pit,domestic-shorthair,True,True,Walk|Sleep,17.076,True
patio-01,patio.potted-ferns,domestic-shorthair,True,True,Walk|Paw|Sit,16.457,True
patio-01,patio.dining-set,domestic-shorthair,True,True,Walk|Hop|Sleep,19.798,True
patio-01,patio.string-lights,domestic-shorthair,True,True,Walk|Sit,13.361,True
patio-01,patio.parasol,domestic-shorthair,True,True,Walk|Scratch|Sit,21.942,True
patio-01,patio.herb-trough,domestic-shorthair-orange,True,True,Walk|Paw,23.531,True
patio-01,patio.stone-rug,domestic-shorthair-orange,True,True,Walk|Paw|Sleep,25.380,True
patio-01,patio.pergola-arch,domestic-shorthair-orange,True,True,Walk|Hop|Sleep,20.918,True
patio-01,patio.porch-swing,domestic-shorthair-orange,True,True,Walk|Hop|Sit,16.521,True
patio-01,patio.water-fountain,domestic-shorthair-orange,True,True,Walk|Hop|Drink,18.758,True
patio-01,patio.fire-pit,domestic-shorthair-orange,True,True,Walk|Sleep,12.251,True
patio-01,patio.potted-ferns,domestic-shorthair-orange,True,True,Walk|Paw|Sit,18.231,True
patio-01,patio.dining-set,domestic-shorthair-orange,True,True,Walk|Hop|Sleep,21.830,True
patio-01,patio.string-lights,domestic-shorthair-orange,True,True,Walk|Sit,14.454,True
patio-01,patio.parasol,domestic-shorthair-orange,True,True,Walk|Scratch|Sit,25.079,True
patio-01,patio.herb-trough,khao-manee,True,True,Walk|Paw,24.985,True
patio-01,patio.stone-rug,khao-manee,True,True,Walk|Paw|Sleep,20.456,True
patio-01,patio.pergola-arch,khao-manee,True,True,Walk|Hop|Sleep,26.572,True
patio-01,patio.porch-swing,khao-manee,True,True,Walk|Hop|Sit,21.037,True
patio-01,patio.water-fountain,khao-manee,True,True,Walk|Hop|Drink,22.334,True
patio-01,patio.fire-pit,khao-manee,True,True,Walk|Sleep,13.441,True
patio-01,patio.potted-ferns,khao-manee,True,True,Walk|Paw|Sit,15.890,True
patio-01,patio.dining-set,khao-manee,True,True,Walk|Hop|Sleep,25.221,True
patio-01,patio.string-lights,khao-manee,True,True,Walk|Sit,14.176,True
patio-01,patio.parasol,khao-manee,True,True,Walk|Scratch|Sit,21.851,True
patio-01,patio.herb-trough,british-shorthair,True,True,Walk|Paw,25.107,True
patio-01,patio.stone-rug,british-shorthair,True,True,Walk|Paw|Sleep,26.960,True
patio-01,patio.pergola-arch,british-shorthair,True,True,Walk|Hop|Sleep,21.899,True
patio-01,patio.porch-swing,british-shorthair,True,True,Walk|Hop|Sit,17.887,True
patio-01,patio.water-fountain,british-shorthair,True,True,Walk|Hop|Drink,21.922,True
patio-01,patio.fire-pit,british-shorthair,True,True,Walk|Sleep,13.457,True
patio-01,patio.potted-ferns,british-shorthair,True,True,Walk|Paw|Sit,16.813,True
patio-01,patio.dining-set,british-shorthair,True,True,Walk|Hop|Sleep,19.759,True
patio-01,patio.string-lights,british-shorthair,True,True,Walk|Sit,13.786,True
patio-01,patio.parasol,british-shorthair,True,True,Walk|Scratch,20.095,True
patio-01,patio.herb-trough,domestic-longhair,True,True,Walk|Paw,22.024,True
patio-01,patio.stone-rug,domestic-longhair,True,True,Walk|Paw|Sleep,23.654,True
patio-01,patio.pergola-arch,domestic-longhair,True,True,Walk|Hop|Sleep,25.807,True
patio-01,patio.porch-swing,domestic-longhair,True,True,Walk|Hop|Sit,25.084,True
patio-01,patio.water-fountain,domestic-longhair,True,True,Walk|Hop|Drink,21.791,True
patio-01,patio.fire-pit,domestic-longhair,True,True,Walk|Sleep,12.252,True
patio-01,patio.potted-ferns,domestic-longhair,True,True,Walk|Paw|Sit,17.832,True
patio-01,patio.dining-set,domestic-longhair,True,True,Walk|Hop|Sleep,16.154,True
patio-01,patio.string-lights,domestic-longhair,True,True,Walk|Sit,14.947,True
patio-01,patio.parasol,domestic-longhair,True,True,Walk|Scratch|Sit,23.935,True
patio-01,patio.herb-trough,maine-coon,True,True,Walk|Paw,24.052,True
patio-01,patio.stone-rug,maine-coon,True,True,Walk|Paw|Sleep,25.243,True
patio-01,patio.pergola-arch,maine-coon,True,True,Walk|Hop|Sleep,21.083,True
patio-01,patio.porch-swing,maine-coon,True,True,Walk|Hop|Sit,23.679,True
patio-01,patio.water-fountain,maine-coon,True,True,Walk|Hop|Drink,25.240,True
patio-01,patio.fire-pit,maine-coon,True,True,Walk|Sleep,13.926,True
patio-01,patio.potted-ferns,maine-coon,True,True,Walk|Paw|Sit,23.589,True
patio-01,patio.dining-set,maine-coon,True,True,Walk|Hop|Sleep,23.108,True
patio-01,patio.string-lights,maine-coon,True,True,Walk|Sit,14.088,True
patio-01,patio.parasol,maine-coon,True,True,Walk|Scratch|Sit,22.949,True
patio-01,patio.herb-trough,oriental-shorthair,True,True,Walk|Paw,20.308,True
patio-01,patio.stone-rug,oriental-shorthair,True,True,Walk|Paw|Sleep,23.993,True
patio-01,patio.pergola-arch,oriental-shorthair,True,True,Walk|Hop|Sleep,25.885,True
patio-01,patio.porch-swing,oriental-shorthair,True,True,Walk|Hop|Sit,22.807,True
patio-01,patio.water-fountain,oriental-shorthair,True,True,Walk|Hop|Drink,21.380,True
patio-01,patio.fire-pit,oriental-shorthair,True,True,Walk|Sleep,11.900,True
patio-01,patio.potted-ferns,oriental-shorthair,True,True,Walk|Paw|Sit,18.309,True
patio-01,patio.dining-set,oriental-shorthair,True,True,Walk|Hop|Sleep,16.502,True
patio-01,patio.string-lights,oriental-shorthair,True,True,Walk|Sit,15.814,True
patio-01,patio.parasol,oriental-shorthair,True,True,Walk|Scratch|Sit,22.539,True
patio-01,patio.herb-trough,persian,True,True,Walk|Paw,24.848,True
patio-01,patio.stone-rug,persian,True,True,Walk|Paw|Sleep,25.192,True
patio-01,patio.pergola-arch,persian,True,True,Walk|Hop|Sleep,17.348,True
patio-01,patio.porch-swing,persian,True,True,Walk|Hop|Sit,22.784,True
patio-01,patio.water-fountain,persian,True,True,Walk|Hop|Drink,24.758,True
patio-01,patio.fire-pit,persian,True,True,Walk|Sleep,14.259,True
patio-01,patio.potted-ferns,persian,True,True,Walk|Paw|Sit,17.786,True
patio-01,patio.dining-set,persian,True,True,Walk|Hop|Sleep,25.142,True
patio-01,patio.string-lights,persian,True,True,Walk|Sit,15.093,True
patio-01,patio.parasol,persian,True,True,Walk|Scratch|Sit,23.205,True
patio-01,patio.herb-trough,russian-blue,True,True,Walk|Paw,22.950,True
patio-01,patio.stone-rug,russian-blue,True,True,Walk|Paw|Sleep,24.481,True
patio-01,patio.pergola-arch,russian-blue,True,True,Walk|Hop|Sleep,23.444,True
patio-01,patio.porch-swing,russian-blue,True,True,Walk|Hop|Sit,16.377,True
patio-01,patio.water-fountain,russian-blue,True,True,Walk|Hop|Drink,21.852,True
patio-01,patio.fire-pit,russian-blue,True,True,Walk|Sleep,13.949,True
patio-01,patio.potted-ferns,russian-blue,True,True,Walk|Paw|Sit,19.040,True
patio-01,patio.dining-set,russian-blue,True,True,Walk|Hop|Sleep,25.933,True
patio-01,patio.string-lights,russian-blue,True,True,Walk|Sit,14.987,True
patio-01,patio.parasol,russian-blue,True,True,Walk|Scratch|Sit,22.852,True
patio-01,patio.herb-trough,sphynx,True,True,Walk|Paw,24.409,True
patio-01,patio.stone-rug,sphynx,True,True,Walk|Paw|Sleep,18.739,True
patio-01,patio.pergola-arch,sphynx,True,True,Walk|Hop|Sleep,21.129,True
patio-01,patio.porch-swing,sphynx,True,True,Walk|Hop|Sit,17.809,True
patio-01,patio.water-fountain,sphynx,True,True,Walk|Hop|Drink,25.758,True
patio-01,patio.fire-pit,sphynx,True,True,Walk|Sleep,13.854,True
patio-01,patio.potted-ferns,sphynx,True,True,Walk|Paw|Sit,24.415,True
patio-01,patio.dining-set,sphynx,True,True,Walk|Hop|Sleep,25.960,True
patio-01,patio.string-lights,sphynx,True,True,Walk|Sit,14.108,True
patio-01,patio.parasol,sphynx,True,True,Walk|Scratch|Sit,18.911,True
second-floor-01,loft.floor-runner,domestic-shorthair,True,True,Walk|Paw|Sleep,24.979,True
second-floor-01,loft.tall-bookcase,domestic-shorthair,True,True,Walk|Hop|Sleep,20.711,True
second-floor-01,loft.chaise-lounge,domestic-shorthair,True,True,Walk|Hop|Sleep,20.651,True
second-floor-01,loft.study-desk,domestic-shorthair,True,True,Walk|Hop|Sleep,25.643,True
second-floor-01,loft.wall-gallery,domestic-shorthair,True,True,Walk|Sit,13.756,True
second-floor-01,loft.book-stack,domestic-shorthair,True,True,Walk|Paw|Sit,21.426,True
second-floor-01,loft.arc-lamp,domestic-shorthair,True,True,Walk|Sleep,12.734,True
second-floor-01,loft.record-player,domestic-shorthair,True,True,Walk|Paw|Sit,25.856,True
second-floor-01,loft.bean-bag,domestic-shorthair,True,True,Walk|Hop|Sleep,17.280,True
second-floor-01,loft.floor-cushions,domestic-shorthair,True,True,Walk|Hop|Sleep,23.434,True
second-floor-01,loft.floor-runner,domestic-shorthair-orange,True,True,Walk|Paw|Sleep,24.651,True
second-floor-01,loft.tall-bookcase,domestic-shorthair-orange,True,True,Walk|Hop|Sleep,16.559,True
second-floor-01,loft.chaise-lounge,domestic-shorthair-orange,True,True,Walk|Hop|Sleep,15.407,True
second-floor-01,loft.study-desk,domestic-shorthair-orange,True,True,Walk|Hop|Sleep,21.660,True
second-floor-01,loft.wall-gallery,domestic-shorthair-orange,True,True,Walk|Sit,11.868,True
second-floor-01,loft.book-stack,domestic-shorthair-orange,True,True,Walk|Paw|Sit,18.041,True
second-floor-01,loft.arc-lamp,domestic-shorthair-orange,True,True,Walk|Sleep,13.648,True
second-floor-01,loft.record-player,domestic-shorthair-orange,True,True,Walk|Paw|Sit,24.613,True
second-floor-01,loft.bean-bag,domestic-shorthair-orange,True,True,Walk|Hop|Sleep,21.099,True
second-floor-01,loft.floor-cushions,domestic-shorthair-orange,True,True,Walk|Hop|Sleep,18.642,True
second-floor-01,loft.floor-runner,khao-manee,True,True,Walk|Paw|Sleep,23.486,True
second-floor-01,loft.tall-bookcase,khao-manee,True,True,Walk|Hop|Sleep,13.026,True
second-floor-01,loft.chaise-lounge,khao-manee,True,True,Walk|Hop|Sleep,25.611,True
second-floor-01,loft.study-desk,khao-manee,True,True,Walk|Hop|Sleep,16.184,True
second-floor-01,loft.wall-gallery,khao-manee,True,True,Walk|Sit,13.308,True
second-floor-01,loft.book-stack,khao-manee,True,True,Walk|Paw|Sit,24.340,True
second-floor-01,loft.arc-lamp,khao-manee,True,True,Walk|Sleep,14.759,True
second-floor-01,loft.record-player,khao-manee,True,True,Walk|Paw|Sit,22.332,True
second-floor-01,loft.bean-bag,khao-manee,True,True,Walk|Hop|Sleep,24.164,True
second-floor-01,loft.floor-cushions,khao-manee,True,True,Walk|Hop|Sleep,18.428,True
second-floor-01,loft.floor-runner,british-shorthair,True,True,Walk|Paw|Sleep,26.206,True
second-floor-01,loft.tall-bookcase,british-shorthair,True,True,Walk|Hop|Sleep,22.179,True
second-floor-01,loft.chaise-lounge,british-shorthair,True,True,Walk|Hop|Sleep,19.620,True
second-floor-01,loft.study-desk,british-shorthair,True,True,Walk|Hop|Sleep,22.931,True
second-floor-01,loft.wall-gallery,british-shorthair,True,True,Walk|Sit,14.408,True
second-floor-01,loft.book-stack,british-shorthair,True,True,Walk|Paw|Sit,23.848,True
second-floor-01,loft.arc-lamp,british-shorthair,True,True,Walk|Sleep,12.745,True
second-floor-01,loft.record-player,british-shorthair,True,True,Walk|Paw|Sit,23.165,True
second-floor-01,loft.bean-bag,british-shorthair,True,True,Walk|Hop|Sleep,19.077,True
second-floor-01,loft.floor-cushions,british-shorthair,True,True,Walk|Hop|Sleep,23.862,True
second-floor-01,loft.floor-runner,domestic-longhair,True,True,Walk|Paw|Sleep,22.915,True
second-floor-01,loft.tall-bookcase,domestic-longhair,True,True,Walk|Hop|Sleep,26.048,True
second-floor-01,loft.chaise-lounge,domestic-longhair,True,True,Walk|Hop|Sleep,24.645,True
second-floor-01,loft.study-desk,domestic-longhair,True,True,Walk|Hop|Sleep,26.554,True
second-floor-01,loft.wall-gallery,domestic-longhair,True,True,Walk|Sit,11.989,True
second-floor-01,loft.book-stack,domestic-longhair,True,True,Walk|Paw|Sit,23.199,True
second-floor-01,loft.arc-lamp,domestic-longhair,True,True,Walk|Sleep,11.114,True
second-floor-01,loft.record-player,domestic-longhair,True,True,Walk|Paw|Sit,22.975,True
second-floor-01,loft.bean-bag,domestic-longhair,True,True,Walk|Hop|Sleep,14.776,True
second-floor-01,loft.floor-cushions,domestic-longhair,True,True,Walk|Hop|Sleep,17.225,True
second-floor-01,loft.floor-runner,maine-coon,True,True,Walk|Paw|Sleep,24.036,True
second-floor-01,loft.tall-bookcase,maine-coon,True,True,Walk|Hop|Sleep,25.322,True
second-floor-01,loft.chaise-lounge,maine-coon,True,True,Walk|Hop|Sleep,23.274,True
second-floor-01,loft.study-desk,maine-coon,True,True,Walk|Hop|Sleep,18.727,True
second-floor-01,loft.wall-gallery,maine-coon,True,True,Walk|Sit,13.254,True
second-floor-01,loft.book-stack,maine-coon,True,True,Walk|Paw|Sit,18.573,True
second-floor-01,loft.arc-lamp,maine-coon,True,True,Walk|Sleep,12.871,True
second-floor-01,loft.record-player,maine-coon,True,True,Walk|Paw|Sit,24.369,True
second-floor-01,loft.bean-bag,maine-coon,True,True,Walk|Hop|Sleep,18.631,True
second-floor-01,loft.floor-cushions,maine-coon,True,True,Walk|Hop|Sleep,26.034,True
second-floor-01,loft.floor-runner,oriental-shorthair,True,True,Walk|Paw|Sleep,22.113,True
second-floor-01,loft.tall-bookcase,oriental-shorthair,True,True,Walk|Hop|Sleep,26.044,True
second-floor-01,loft.chaise-lounge,oriental-shorthair,True,True,Walk|Hop|Sleep,20.006,True
second-floor-01,loft.study-desk,oriental-shorthair,True,True,Walk|Hop|Sleep,25.871,True
second-floor-01,loft.wall-gallery,oriental-shorthair,True,True,Walk|Sit,12.967,True
second-floor-01,loft.book-stack,oriental-shorthair,True,True,Walk|Paw|Sit,24.014,True
second-floor-01,loft.arc-lamp,oriental-shorthair,True,True,Walk|Sleep,12.430,True
second-floor-01,loft.record-player,oriental-shorthair,True,True,Walk|Paw|Sit,25.952,True
second-floor-01,loft.bean-bag,oriental-shorthair,True,True,Walk|Hop|Sleep,20.555,True
second-floor-01,loft.floor-cushions,oriental-shorthair,True,True,Walk|Hop|Sleep,15.300,True
second-floor-01,loft.floor-runner,persian,True,True,Walk|Paw|Sleep,24.673,True
second-floor-01,loft.tall-bookcase,persian,True,True,Walk|Hop|Sleep,21.849,True
second-floor-01,loft.chaise-lounge,persian,True,True,Walk|Hop|Sleep,20.940,True
second-floor-01,loft.study-desk,persian,True,True,Walk|Hop|Sleep,20.726,True
second-floor-01,loft.wall-gallery,persian,True,True,Walk|Sit,12.835,True
second-floor-01,loft.book-stack,persian,True,True,Walk|Paw|Sit,23.231,True
second-floor-01,loft.arc-lamp,persian,True,True,Walk|Sleep,14.734,True
second-floor-01,loft.record-player,persian,True,True,Walk|Paw|Sit,23.061,True
second-floor-01,loft.bean-bag,persian,True,True,Walk|Hop|Sleep,22.412,True
second-floor-01,loft.floor-cushions,persian,True,True,Walk|Hop|Sleep,17.529,True
second-floor-01,loft.floor-runner,russian-blue,True,True,Walk|Paw|Sleep,23.544,True
second-floor-01,loft.tall-bookcase,russian-blue,True,True,Walk|Hop|Sleep,14.485,True
second-floor-01,loft.chaise-lounge,russian-blue,True,True,Walk|Hop|Sleep,21.368,True
second-floor-01,loft.study-desk,russian-blue,True,True,Walk|Hop|Sleep,23.073,True
second-floor-01,loft.wall-gallery,russian-blue,True,True,Walk|Sit,15.550,True
second-floor-01,loft.book-stack,russian-blue,True,True,Walk|Paw|Sit,24.421,True
second-floor-01,loft.arc-lamp,russian-blue,True,True,Walk|Sleep,13.388,True
second-floor-01,loft.record-player,russian-blue,True,True,Walk|Paw|Sit,25.439,True
second-floor-01,loft.bean-bag,russian-blue,True,True,Walk|Hop|Sleep,21.510,True
second-floor-01,loft.floor-cushions,russian-blue,True,True,Walk|Hop|Sleep,17.139,True
second-floor-01,loft.floor-runner,sphynx,True,True,Walk|Paw|Sleep,18.355,True
second-floor-01,loft.tall-bookcase,sphynx,True,True,Walk|Hop|Sleep,21.068,True
second-floor-01,loft.chaise-lounge,sphynx,True,True,Walk|Hop|Sleep,22.624,True
second-floor-01,loft.study-desk,sphynx,True,True,Walk|Hop|Sleep,17.439,True
second-floor-01,loft.wall-gallery,sphynx,True,True,Walk|Sit,15.127,True
second-floor-01,loft.book-stack,sphynx,True,True,Walk|Paw|Sit,21.449,True
second-floor-01,loft.arc-lamp,sphynx,True,True,Walk|Sleep,13.118,True
second-floor-01,loft.record-player,sphynx,True,True,Walk|Paw|Sit,20.678,True
second-floor-01,loft.bean-bag,sphynx,True,True,Walk|Hop|Sleep,22.828,True
second-floor-01,loft.floor-cushions,sphynx,True,True,Walk|Hop|Sleep,21.508,True
