breed,activity,supportSamples,maxContactGap,pushed
domestic-shorthair,SofaLounge,571,0.03200001,False
domestic-shorthair,CoffeeTablePlay,524,0.03969097,True
domestic-shorthair-orange,SofaLounge,600,0.03200006,False
domestic-shorthair-orange,CoffeeTablePlay,529,0.03969121,True
khao-manee,SofaLounge,596,0.03200001,False
khao-manee,CoffeeTablePlay,535,0.03969079,True
british-shorthair,SofaLounge,600,0.03200006,False
british-shorthair,CoffeeTablePlay,537,0.03934747,True
domestic-longhair,SofaLounge,585,0.03200006,False
domestic-longhair,CoffeeTablePlay,521,0.03904796,True
maine-coon,SofaLounge,577,0.03200006,False
maine-coon,CoffeeTablePlay,521,0.03844517,True
oriental-shorthair,SofaLounge,546,0.03200006,False
oriental-shorthair,CoffeeTablePlay,509,0.03998965,True
persian,SofaLounge,542,0.03200006,False
persian,CoffeeTablePlay,512,0.03894424,True
russian-blue,SofaLounge,580,0.03200001,False
russian-blue,CoffeeTablePlay,531,0.03969073,True
sphynx,SofaLounge,547,0.03200006,False
sphynx,CoffeeTablePlay,525,0.03989142,True
