product,breed,started,finished,boneMotion,movingPart,exitClear
cat.nap-pillow,domestic-shorthair,True,True,29.74021,True,True
cat.canopy-bed,domestic-shorthair,True,True,29.78329,True,True
cat.feather-toy,domestic-shorthair,True,True,9.228108,True,True
cat.leash,domestic-shorthair,True,True,9.204134,True,True
cat.cloud-bed,domestic-shorthair,True,True,30.0578,True,True
cat.play-tunnel,domestic-shorthair,True,True,9.379531,True,True
cat.ceramic-bowl,domestic-shorthair,True,True,43.12652,True,True
cat.toy-mouse,domestic-shorthair,True,True,31.00149,True,True
cat.treat-jar,domestic-shorthair,True,True,43.08359,True,True
cat.kibble-bag,domestic-shorthair,True,True,43.1312,True,True
cat.catnip-plant,domestic-shorthair,True,True,9.313302,True,True
cat.collar,domestic-shorthair,True,True,9.407475,True,True
cat.cozy-pod-bed,domestic-shorthair,True,True,29.98832,True,True
cat.cardboard-hideout,domestic-shorthair,True,True,29.8038,True,True
cat.bell-collar,domestic-shorthair,True,True,9.289294,True,True
cat.nap-pillow,domestic-shorthair-orange,True,True,29.82186,True,True
cat.canopy-bed,domestic-shorthair-orange,True,True,29.66626,True,True
cat.feather-toy,domestic-shorthair-orange,True,True,9.280686,True,True
cat.leash,domestic-shorthair-orange,True,True,9.223437,True,True
cat.cloud-bed,domestic-shorthair-orange,True,True,30.12679,True,True
cat.play-tunnel,domestic-shorthair-orange,True,True,9.203709,True,True
cat.ceramic-bowl,domestic-shorthair-orange,True,True,43.13514,True,True
cat.toy-mouse,domestic-shorthair-orange,True,True,30.54638,True,True
cat.treat-jar,domestic-shorthair-orange,True,True,43.08787,True,True
cat.kibble-bag,domestic-shorthair-orange,True,True,43.22352,True,True
cat.catnip-plant,domestic-shorthair-orange,True,True,9.263532,True,True
cat.collar,domestic-shorthair-orange,True,True,9.313302,True,True
cat.cozy-pod-bed,domestic-shorthair-orange,True,True,30.06499,True,True
cat.cardboard-hideout,domestic-shorthair-orange,True,True,29.86473,True,True
cat.bell-collar,domestic-shorthair-orange,True,True,9.247617,True,True
cat.nap-pillow,khao-manee,True,True,29.81589,True,True
cat.canopy-bed,khao-manee,True,True,29.78289,True,True
cat.feather-toy,khao-manee,True,True,9.217235,True,True
cat.leash,khao-manee,True,True,9.373514,True,True
cat.cloud-bed,khao-manee,True,True,30.11719,True,True
cat.play-tunnel,khao-manee,True,True,9.443555,True,True
cat.ceramic-bowl,khao-manee,True,True,43.2276,True,True
cat.toy-mouse,khao-manee,True,True,29.71052,True,True
cat.treat-jar,khao-manee,True,True,43.11784,True,True
cat.kibble-bag,khao-manee,True,True,43.04067,True,True
cat.catnip-plant,khao-manee,True,True,9.34463,True,True
cat.collar,khao-manee,True,True,9.270465,True,True
cat.cozy-pod-bed,khao-manee,True,True,30.09726,True,True
cat.cardboard-hideout,khao-manee,True,True,29.88001,True,True
cat.bell-collar,khao-manee,True,True,9.465683,True,True
cat.nap-pillow,british-shorthair,True,True,29.84086,True,True
cat.canopy-bed,british-shorthair,True,True,29.75732,True,True
cat.feather-toy,british-shorthair,True,True,9.264885,True,True
cat.leash,british-shorthair,True,True,9.219189,True,True
cat.cloud-bed,british-shorthair,True,True,30.08292,True,True
cat.play-tunnel,british-shorthair,True,True,9.270972,True,True
cat.ceramic-bowl,british-shorthair,True,True,43.21163,True,True
cat.toy-mouse,british-shorthair,True,True,30.38619,True,True
cat.treat-jar,british-shorthair,True,True,43.09468,True,True
cat.kibble-bag,british-shorthair,True,True,43.11087,True,True
cat.catnip-plant,british-shorthair,True,True,9.333304,True,True
cat.collar,british-shorthair,True,True,9.246091,True,True
cat.cozy-pod-bed,british-shorthair,True,True,30.10544,True,True
cat.cardboard-hideout,british-shorthair,True,True,29.7397,True,True
cat.bell-collar,british-shorthair,True,True,9.539156,True,True
cat.nap-pillow,domestic-longhair,True,True,29.83107,True,True
cat.canopy-bed,domestic-longhair,True,True,29.77021,True,True
cat.feather-toy,domestic-longhair,True,True,9.263024,True,True
cat.leash,domestic-longhair,True,True,9.268183,True,True
cat.cloud-bed,domestic-longhair,True,True,29.92584,True,True
cat.play-tunnel,domestic-longhair,True,True,9.239649,True,True
cat.ceramic-bowl,domestic-longhair,True,True,43.19659,True,True
cat.toy-mouse,domestic-longhair,True,True,30.75707,True,True
cat.treat-jar,domestic-longhair,True,True,43.08,True,True
cat.kibble-bag,domestic-longhair,True,True,43.09163,True,True
cat.catnip-plant,domestic-longhair,True,True,9.253122,True,True
cat.collar,domestic-longhair,True,True,9.222843,True,True
cat.cozy-pod-bed,domestic-longhair,True,True,29.86753,True,True
cat.cardboard-hideout,domestic-longhair,True,True,29.75673,True,True
cat.bell-collar,domestic-longhair,True,True,9.20209,True,True
cat.nap-pillow,maine-coon,True,True,29.8346,True,True
cat.canopy-bed,maine-coon,True,True,29.90861,True,True
cat.feather-toy,maine-coon,True,True,9.207453,True,True
cat.leash,maine-coon,True,True,9.310189,True,True
cat.cloud-bed,maine-coon,True,True,29.95131,True,True
cat.play-tunnel,maine-coon,True,True,9.306569,True,True
cat.ceramic-bowl,maine-coon,True,True,43.13247,True,True
cat.toy-mouse,maine-coon,True,True,30.58183,True,True
cat.treat-jar,maine-coon,True,True,43.13171,True,True
cat.kibble-bag,maine-coon,True,True,43.34862,True,True
cat.catnip-plant,maine-coon,True,True,9.322888,True,True
cat.collar,maine-coon,True,True,9.264378,True,True
cat.cozy-pod-bed,maine-coon,True,True,29.85131,True,True
cat.cardboard-hideout,maine-coon,True,True,29.76638,True,True
cat.bell-collar,maine-coon,True,True,9.334983,True,True
cat.nap-pillow,oriental-shorthair,True,True,29.817,True,True
cat.canopy-bed,oriental-shorthair,True,True,29.91507,True,True
cat.feather-toy,oriental-shorthair,True,True,9.246091,True,True
cat.leash,oriental-shorthair,True,True,9.438824,True,True
cat.cloud-bed,oriental-shorthair,True,True,30.0637,True,True
cat.play-tunnel,oriental-shorthair,True,True,9.26962,True,True
cat.ceramic-bowl,oriental-shorthair,True,True,43.14009,True,True
cat.toy-mouse,oriental-shorthair,True,True,30.89589,True,True
cat.treat-jar,oriental-shorthair,True,True,43.26546,True,True
cat.kibble-bag,oriental-shorthair,True,True,43.18445,True,True
cat.catnip-plant,oriental-shorthair,True,True,9.376607,True,True
cat.collar,oriental-shorthair,True,True,9.400227,True,True
cat.cozy-pod-bed,oriental-shorthair,True,True,29.8229,True,True
cat.cardboard-hideout,oriental-shorthair,True,True,29.79459,True,True
cat.bell-collar,oriental-shorthair,True,True,9.423121,True,True
cat.nap-pillow,persian,True,True,29.81918,True,True
cat.canopy-bed,persian,True,True,29.79799,True,True
cat.feather-toy,persian,True,True,9.250835,True,True
cat.leash,persian,True,True,9.229552,True,True
cat.cloud-bed,persian,True,True,29.93367,True,True
cat.play-tunnel,persian,True,True,9.210686,True,True
cat.ceramic-bowl,persian,True,True,43.06528,True,True
cat.toy-mouse,persian,True,True,29.37892,True,True
cat.treat-jar,persian,True,True,43.13094,True,True
cat.kibble-bag,persian,True,True,43.24606,True,True
cat.catnip-plant,persian,True,True,9.368665,True,True
cat.collar,persian,True,True,9.214258,True,True
cat.cozy-pod-bed,persian,True,True,29.79345,True,True
cat.cardboard-hideout,persian,True,True,29.79026,True,True
cat.bell-collar,persian,True,True,9.458479,True,True
cat.nap-pillow,russian-blue,True,True,29.81676,True,True
cat.canopy-bed,russian-blue,True,True,29.75106,True,True
cat.feather-toy,russian-blue,True,True,9.217235,True,True
cat.leash,russian-blue,True,True,9.242617,True,True
cat.cloud-bed,russian-blue,True,True,30.09986,True,True
cat.play-tunnel,russian-blue,True,True,9.200047,True,True
cat.ceramic-bowl,russian-blue,True,True,43.05412,True,True
cat.toy-mouse,russian-blue,True,True,30.95704,True,True
cat.treat-jar,russian-blue,True,True,43.05914,True,True
cat.kibble-bag,russian-blue,True,True,43.11009,True,True
cat.catnip-plant,russian-blue,True,True,9.257017,True,True
cat.collar,russian-blue,True,True,9.282881,True,True
cat.cozy-pod-bed,russian-blue,True,True,30.12145,True,True
cat.cardboard-hideout,russian-blue,True,True,29.71534,True,True
cat.bell-collar,russian-blue,True,True,9.223522,True,True
cat.nap-pillow,sphynx,True,True,29.81172,True,True
cat.canopy-bed,sphynx,True,True,29.69999,True,True
cat.feather-toy,sphynx,True,True,9.393972,True,True
cat.leash,sphynx,True,True,9.265308,True,True
cat.cloud-bed,sphynx,True,True,29.9017,True,True
cat.play-tunnel,sphynx,True,True,9.187179,True,True
cat.ceramic-bowl,sphynx,True,True,43.11734,True,True
cat.toy-mouse,sphynx,True,True,30.49237,True,True
cat.treat-jar,sphynx,True,True,43.12409,True,True
cat.kibble-bag,sphynx,True,True,43.12929,True,True
cat.catnip-plant,sphynx,True,True,9.329273,True,True
cat.collar,sphynx,True,True,9.223607,True,True
cat.cozy-pod-bed,sphynx,True,True,30.11343,True,True
cat.cardboard-hideout,sphynx,True,True,29.76059,True,True
cat.bell-collar,sphynx,True,True,9.264208,True,True
