breed,samples,maxEnvelopeRatio,point,pose
domestic-shorthair,213001,0.6815302,"(0.005, 0.460, -0.003)",Crawl
domestic-shorthair-orange,212692,0.6815203,"(0.005, 0.460, 0.021)",Crawl
khao-manee,204564,0.6814793,"(0.005, 0.460, 0.000)",Crawl
british-shorthair,211474,0.7100971,"(0.005, 0.469, 0.014)",Crawl
domestic-longhair,223141,0.7431293,"(0.005, 0.479, -0.003)",Crawl
maine-coon,241781,0.9147367,"(-0.119, 0.463, 0.319)",Crawl
oriental-shorthair,215933,0.7211229,"(0.005, 0.472, 0.039)",Crawl
persian,244459,0.7631162,"(0.011, 0.485, -0.133)",Crawl
russian-blue,202903,0.6815433,"(0.005, 0.460, 0.013)",Crawl
sphynx,215071,0.7030423,"(0.023, 0.464, -0.124)",Crawl
